<?xml version="1.0" encoding="UTF-8" ?>
<x:xmpmeta xmlns:x="adobe:ns:meta/">
    <rdf:RDF xmlns:rdf="http://www.w3.org/1999/02/22-rdf-syntax-ns#">
        <rdf:Description rdf:about="" xmlns="http://namespace.corel.com/Cdr/metadata">
            <FontsUsed>
                <rdf:Bag>
                    <rdf:li>Adobe Fangsong Std R</rdf:li>
                    <rdf:li>Arial</rdf:li>
                    <rdf:li>Wingdings</rdf:li>
                </rdf:Bag>
            </FontsUsed>
            <CoreVersion>1500</CoreVersion>
            <Keywords></Keywords>
            <Notes></Notes>
            <Title></Title>
            <Author>oleg</Author>
            <Subject></Subject>
            <Copyright></Copyright>
            <Revision>2</Revision>
            <LastAuthor>RT</LastAuthor>
            <Sided></Sided>
            <Folds></Folds>
            <Type></Type>
            <Industry></Industry>
            <ProductId>0</ProductId>
            <ProductName>CorelDRAW X5</ProductName>
            <AppVersion>1500</AppVersion>
            <BuildNumber>661</BuildNumber>
            <Platform>0</Platform>
            <Locale>1033</Locale>
            <RiffCompressionRatio>81.109499257726114</RiffCompressionRatio>
            <EmbeddedOleObjects>0</EmbeddedOleObjects>
            <FontsEmbedded>0</FontsEmbedded>
            <Language>1049</Language>
            <DocID>cebdb54c-70a3-4e1c-aae3-c16e67b72bb2</DocID>
            <NumPages>1</NumPages>
            <NumLayers>2</NumLayers>
            <PageWidth>4200000</PageWidth>
            <PageHeight>2970000</PageHeight>
            <PageDimensions>420 x 297 mm</PageDimensions>
            <PageSizeName>A3</PageSizeName>
            <PageOrientation>2</PageOrientation>
            <ResolutionX>300</ResolutionX>
            <ResolutionY>300</ResolutionY>
            <Effects>
                <Perspective>0</Perspective>
                <Envelope>0</Envelope>
                <DropShadow>0</DropShadow>
                <Blend>0</Blend>
                <Extrude>0</Extrude>
                <Bevel>0</Bevel>
                <Contour>0</Contour>
                <PowerClip>16</PowerClip>
                <Clone>0</Clone>
                <Lens>0</Lens>
                <Transparency>0</Transparency>
                <Distortion>0</Distortion>
            </Effects>
            <Objects>
                <Total>5980</Total>
                <Group>17</Group>
                <Curve>5980</Curve>
                <Rect>0</Rect>
                <Bitmap>0</Bitmap>
                <Ellipse>0</Ellipse>
                <MeshFill>0</MeshFill>
                <Polygon>0</Polygon>
                <OLE>
                    <Linked>0</Linked>
                    <Embedded>0</Embedded>
                </OLE>
                <Guideline>2</Guideline>
                <Symbol>
                    <Definitions>0</Definitions>
                    <Instances>0</Instances>
                </Symbol>
                <Text>0</Text>
            </Objects>
            <CurveInfo>
                <Subpaths>1</Subpaths>
                <Nodes>35624</Nodes>
                <MaxNodes>13</MaxNodes>
            </CurveInfo>
            <BitmapInfo>
                <Types>
                    <rdf:Bag />
                </Types>
                <LinkPaths>
                    <rdf:Bag />
                </LinkPaths>
            </BitmapInfo>
            <TextInfo>
                <ParagraphText>0</ParagraphText>
                <ArtisticText>0</ArtisticText>
                <Frames>0</Frames>
                <EmptyFrames>0</EmptyFrames>
                <Paragraphs>0</Paragraphs>
                <Lines>0</Lines>
                <Words>0</Words>
                <Characters>0</Characters>
                <Languages>
                    <rdf:Bag />
                </Languages>
            </TextInfo>
            <Styles>
                <rdf:Bag>
                    <rdf:li>Default Graphic</rdf:li>
                </rdf:Bag>
            </Styles>
            <Fills>
                <None>44</None>
                <Uniform>5936</Uniform>
                <Fountain>0</Fountain>
                <Texture>0</Texture>
                <Postscript>0</Postscript>
                <Hatch>0</Hatch>
                <Pattern>0</Pattern>
                <Colors>
                    <rdf:Bag>
                        <rdf:li>CMYK</rdf:li>
                    </rdf:Bag>
                </Colors>
                <Palettes>
                    <rdf:Bag>
                        <rdf:li>HKS® Colors</rdf:li>
                    </rdf:Bag>
                </Palettes>
                <SpotColors>
                    <rdf:Bag>
                        <rdf:li>HKS 01K 010% - K 0%</rdf:li>
                    </rdf:Bag>
                </SpotColors>
            </Fills>
            <Outlines>
                <None>0</None>
                <Solid>5980</Solid>
                <Dashed>0</Dashed>
                <Enhanced>0</Enhanced>
                <BehindFill>0</BehindFill>
                <ScalePen>0</ScalePen>
                <Hairline>0</Hairline>
                <Colors>
                    <rdf:Bag>
                        <rdf:li>CMYK</rdf:li>
                        <rdf:li>RGB</rdf:li>
                    </rdf:Bag>
                </Colors>
                <Palettes>
                    <rdf:Bag />
                </Palettes>
                <SpotColors>
                    <rdf:Bag />
                </SpotColors>
            </Outlines>
            <ClipRect left="-1707137" top="3504403" right="6077667" bottom="-1707136" />
            <Color>
                <Profiles>
                    <Rgb>
                        <Name>Adobe RGB (1998)</Name>
                    </Rgb>
                    <Cmyk>
                        <Name>Euroscale Coated v2</Name>
                    </Cmyk>
                    <Grayscale>
                        <Name>Dot Gain 15%</Name>
                    </Grayscale>
                </Profiles>
            </Color>
            <colorMode>1</colorMode>
            <renderingIntent>1</renderingIntent>
            <Properties />
        </rdf:Description>
    </rdf:RDF>
</x:xmpmeta>
